experiment_id	dataset	seed	arm	command	node	status	code_commit	active_plan	prefix_sha256	log	endpoint	cost_receipts
E04	math	5	switch_fixed200	sh scripts/run_srgc_sr_refresh.sh math 5 switch_fixed200	-	pending_prefix_check	-	-	-	-	-	-
E04	math	6	switch_fixed200	sh scripts/run_srgc_sr_refresh.sh math 6 switch_fixed200	-	pending_prefix_check	-	-	-	-	-	-
E04	math	7	switch_fixed200	sh scripts/run_srgc_sr_refresh.sh math 7 switch_fixed200	-	pending_prefix_check	-	-	-	-	-	-
E04	math	8	switch_fixed200	sh scripts/run_srgc_sr_refresh.sh math 8 switch_fixed200	-	pending_prefix_check	-	-	-	-	-	-
E04	math	9	switch_fixed200	sh scripts/run_srgc_sr_refresh.sh math 9 switch_fixed200	-	pending_prefix_check	-	-	-	-	-	-
E04	mbpp	5	switch_fixed200	sh scripts/run_srgc_sr_refresh.sh mbpp 5 switch_fixed200	-	pending_prefix_check	-	-	-	-	-	-
E04	mbpp	6	switch_fixed200	sh scripts/run_srgc_sr_refresh.sh mbpp 6 switch_fixed200	-	pending_prefix_check	-	-	-	-	-	-
E04	mbpp	7	switch_fixed200	sh scripts/run_srgc_sr_refresh.sh mbpp 7 switch_fixed200	-	pending_prefix_check	-	-	-	-	-	-
E04	mbpp	8	switch_fixed200	sh scripts/run_srgc_sr_refresh.sh mbpp 8 switch_fixed200	-	pending_prefix_check	-	-	-	-	-	-
E04	mbpp	9	switch_fixed200	sh scripts/run_srgc_sr_refresh.sh mbpp 9 switch_fixed200	-	pending_prefix_check	-	-	-	-	-	-
E05	math	5	sr_refresh	sh scripts/run_srgc_sr_refresh.sh math 5 candidates	-	pending_prefix_check	-	-	-	-	-	-
E05	math	6	sr_refresh	sh scripts/run_srgc_sr_refresh.sh math 6 candidates	-	pending_prefix_check	-	-	-	-	-	-
E05	math	7	sr_refresh	sh scripts/run_srgc_sr_refresh.sh math 7 candidates	-	pending_prefix_check	-	-	-	-	-	-
E05	math	8	sr_refresh	sh scripts/run_srgc_sr_refresh.sh math 8 candidates	-	pending_prefix_check	-	-	-	-	-	-
E05	math	9	sr_refresh	sh scripts/run_srgc_sr_refresh.sh math 9 candidates	-	pending_prefix_check	-	-	-	-	-	-
E05	mbpp	5	sr_refresh	sh scripts/run_srgc_sr_refresh.sh mbpp 5 candidates	-	pending_prefix_check	-	-	-	-	-	-
E05	mbpp	6	sr_refresh	sh scripts/run_srgc_sr_refresh.sh mbpp 6 candidates	-	pending_prefix_check	-	-	-	-	-	-
E05	mbpp	7	sr_refresh	sh scripts/run_srgc_sr_refresh.sh mbpp 7 candidates	-	pending_prefix_check	-	-	-	-	-	-
E05	mbpp	8	sr_refresh	sh scripts/run_srgc_sr_refresh.sh mbpp 8 candidates	-	pending_prefix_check	-	-	-	-	-	-
E05	mbpp	9	sr_refresh	sh scripts/run_srgc_sr_refresh.sh mbpp 9 candidates	-	pending_prefix_check	-	-	-	-	-	-
E06	math	5	switch_repeat	sh scripts/run_srgc_sr_refresh.sh math 5 switch_repeat	-	pending_prefix_check	-	-	-	-	-	-
E06	math	6	switch_repeat	sh scripts/run_srgc_sr_refresh.sh math 6 switch_repeat	-	pending_prefix_check	-	-	-	-	-	-
E06	math	7	switch_repeat	sh scripts/run_srgc_sr_refresh.sh math 7 switch_repeat	-	pending_prefix_check	-	-	-	-	-	-
E06	math	8	switch_repeat	sh scripts/run_srgc_sr_refresh.sh math 8 switch_repeat	-	pending_prefix_check	-	-	-	-	-	-
E06	math	9	switch_repeat	sh scripts/run_srgc_sr_refresh.sh math 9 switch_repeat	-	pending_prefix_check	-	-	-	-	-	-
E06	mbpp	5	switch_repeat	sh scripts/run_srgc_sr_refresh.sh mbpp 5 switch_repeat	-	pending_prefix_check	-	-	-	-	-	-
E06	mbpp	6	switch_repeat	sh scripts/run_srgc_sr_refresh.sh mbpp 6 switch_repeat	-	pending_prefix_check	-	-	-	-	-	-
E06	mbpp	7	switch_repeat	sh scripts/run_srgc_sr_refresh.sh mbpp 7 switch_repeat	-	pending_prefix_check	-	-	-	-	-	-
E06	mbpp	8	switch_repeat	sh scripts/run_srgc_sr_refresh.sh mbpp 8 switch_repeat	-	pending_prefix_check	-	-	-	-	-	-
E06	mbpp	9	switch_repeat	sh scripts/run_srgc_sr_refresh.sh mbpp 9 switch_repeat	-	pending_prefix_check	-	-	-	-	-	-
E07	math	5	sr_refresh-pool	sh scripts/run_srgc_sr_refresh.sh math 5 pool	-	pending_prefix_check	-	-	-	-	-	-
E07	math	6	sr_refresh-pool	sh scripts/run_srgc_sr_refresh.sh math 6 pool	-	pending_prefix_check	-	-	-	-	-	-
E07	math	7	sr_refresh-pool	sh scripts/run_srgc_sr_refresh.sh math 7 pool	-	pending_prefix_check	-	-	-	-	-	-
E07	math	8	sr_refresh-pool	sh scripts/run_srgc_sr_refresh.sh math 8 pool	-	pending_prefix_check	-	-	-	-	-	-
E07	math	9	sr_refresh-pool	sh scripts/run_srgc_sr_refresh.sh math 9 pool	-	pending_prefix_check	-	-	-	-	-	-
E07	mbpp	5	sr_refresh-pool	sh scripts/run_srgc_sr_refresh.sh mbpp 5 pool	-	pending_prefix_check	-	-	-	-	-	-
E07	mbpp	6	sr_refresh-pool	sh scripts/run_srgc_sr_refresh.sh mbpp 6 pool	-	pending_prefix_check	-	-	-	-	-	-
E07	mbpp	7	sr_refresh-pool	sh scripts/run_srgc_sr_refresh.sh mbpp 7 pool	-	pending_prefix_check	-	-	-	-	-	-
E07	mbpp	8	sr_refresh-pool	sh scripts/run_srgc_sr_refresh.sh mbpp 8 pool	-	pending_prefix_check	-	-	-	-	-	-
E07	mbpp	9	sr_refresh-pool	sh scripts/run_srgc_sr_refresh.sh mbpp 9 pool	-	pending_prefix_check	-	-	-	-	-	-
E03	math	5	replicate1-sr	sh scripts/run_srgc_sr_refresh.sh math 5 replicate1-sr	-	pending_prefix_check	-	-	-	-	-	-
E03	math	5	replicate1-switch	sh scripts/run_srgc_sr_refresh.sh math 5 replicate1-switch	-	pending_prefix_check	-	-	-	-	-	-
E03	math	6	replicate1-sr	sh scripts/run_srgc_sr_refresh.sh math 6 replicate1-sr	-	pending_prefix_check	-	-	-	-	-	-
E03	math	6	replicate1-switch	sh scripts/run_srgc_sr_refresh.sh math 6 replicate1-switch	-	pending_prefix_check	-	-	-	-	-	-
E03	math	7	replicate1-sr	sh scripts/run_srgc_sr_refresh.sh math 7 replicate1-sr	-	pending_prefix_check	-	-	-	-	-	-
E03	math	7	replicate1-switch	sh scripts/run_srgc_sr_refresh.sh math 7 replicate1-switch	-	pending_prefix_check	-	-	-	-	-	-
E03	math	8	replicate1-sr	sh scripts/run_srgc_sr_refresh.sh math 8 replicate1-sr	-	pending_prefix_check	-	-	-	-	-	-
E03	math	8	replicate1-switch	sh scripts/run_srgc_sr_refresh.sh math 8 replicate1-switch	-	pending_prefix_check	-	-	-	-	-	-
E03	math	9	replicate1-sr	sh scripts/run_srgc_sr_refresh.sh math 9 replicate1-sr	-	pending_prefix_check	-	-	-	-	-	-
E03	math	9	replicate1-switch	sh scripts/run_srgc_sr_refresh.sh math 9 replicate1-switch	-	pending_prefix_check	-	-	-	-	-	-
E03	mbpp	5	replicate1-sr	sh scripts/run_srgc_sr_refresh.sh mbpp 5 replicate1-sr	-	pending_prefix_check	-	-	-	-	-	-
E03	mbpp	5	replicate1-switch	sh scripts/run_srgc_sr_refresh.sh mbpp 5 replicate1-switch	-	pending_prefix_check	-	-	-	-	-	-
E03	mbpp	6	replicate1-sr	sh scripts/run_srgc_sr_refresh.sh mbpp 6 replicate1-sr	-	pending_prefix_check	-	-	-	-	-	-
E03	mbpp	6	replicate1-switch	sh scripts/run_srgc_sr_refresh.sh mbpp 6 replicate1-switch	-	pending_prefix_check	-	-	-	-	-	-
E03	mbpp	7	replicate1-sr	sh scripts/run_srgc_sr_refresh.sh mbpp 7 replicate1-sr	-	pending_prefix_check	-	-	-	-	-	-
E03	mbpp	7	replicate1-switch	sh scripts/run_srgc_sr_refresh.sh mbpp 7 replicate1-switch	-	pending_prefix_check	-	-	-	-	-	-
E03	mbpp	8	replicate1-sr	sh scripts/run_srgc_sr_refresh.sh mbpp 8 replicate1-sr	-	pending_prefix_check	-	-	-	-	-	-
E03	mbpp	8	replicate1-switch	sh scripts/run_srgc_sr_refresh.sh mbpp 8 replicate1-switch	-	pending_prefix_check	-	-	-	-	-	-
E03	mbpp	9	replicate1-sr	sh scripts/run_srgc_sr_refresh.sh mbpp 9 replicate1-sr	-	pending_prefix_check	-	-	-	-	-	-
E03	mbpp	9	replicate1-switch	sh scripts/run_srgc_sr_refresh.sh mbpp 9 replicate1-switch	-	pending_prefix_check	-	-	-	-	-	-
E03	math	5	replicate2-sr	sh scripts/run_srgc_sr_refresh.sh math 5 replicate2-sr	-	pending_prefix_check	-	-	-	-	-	-
E03	math	5	replicate2-switch	sh scripts/run_srgc_sr_refresh.sh math 5 replicate2-switch	-	pending_prefix_check	-	-	-	-	-	-
E03	math	6	replicate2-sr	sh scripts/run_srgc_sr_refresh.sh math 6 replicate2-sr	-	pending_prefix_check	-	-	-	-	-	-
E03	math	6	replicate2-switch	sh scripts/run_srgc_sr_refresh.sh math 6 replicate2-switch	-	pending_prefix_check	-	-	-	-	-	-
E03	math	7	replicate2-sr	sh scripts/run_srgc_sr_refresh.sh math 7 replicate2-sr	-	pending_prefix_check	-	-	-	-	-	-
E03	math	7	replicate2-switch	sh scripts/run_srgc_sr_refresh.sh math 7 replicate2-switch	-	pending_prefix_check	-	-	-	-	-	-
E03	math	8	replicate2-sr	sh scripts/run_srgc_sr_refresh.sh math 8 replicate2-sr	-	pending_prefix_check	-	-	-	-	-	-
E03	math	8	replicate2-switch	sh scripts/run_srgc_sr_refresh.sh math 8 replicate2-switch	-	pending_prefix_check	-	-	-	-	-	-
E03	math	9	replicate2-sr	sh scripts/run_srgc_sr_refresh.sh math 9 replicate2-sr	-	pending_prefix_check	-	-	-	-	-	-
E03	math	9	replicate2-switch	sh scripts/run_srgc_sr_refresh.sh math 9 replicate2-switch	-	pending_prefix_check	-	-	-	-	-	-
E03	mbpp	5	replicate2-sr	sh scripts/run_srgc_sr_refresh.sh mbpp 5 replicate2-sr	-	pending_prefix_check	-	-	-	-	-	-
E03	mbpp	5	replicate2-switch	sh scripts/run_srgc_sr_refresh.sh mbpp 5 replicate2-switch	-	pending_prefix_check	-	-	-	-	-	-
E03	mbpp	6	replicate2-sr	sh scripts/run_srgc_sr_refresh.sh mbpp 6 replicate2-sr	-	pending_prefix_check	-	-	-	-	-	-
E03	mbpp	6	replicate2-switch	sh scripts/run_srgc_sr_refresh.sh mbpp 6 replicate2-switch	-	pending_prefix_check	-	-	-	-	-	-
E03	mbpp	7	replicate2-sr	sh scripts/run_srgc_sr_refresh.sh mbpp 7 replicate2-sr	-	pending_prefix_check	-	-	-	-	-	-
E03	mbpp	7	replicate2-switch	sh scripts/run_srgc_sr_refresh.sh mbpp 7 replicate2-switch	-	pending_prefix_check	-	-	-	-	-	-
E03	mbpp	8	replicate2-sr	sh scripts/run_srgc_sr_refresh.sh mbpp 8 replicate2-sr	-	pending_prefix_check	-	-	-	-	-	-
E03	mbpp	8	replicate2-switch	sh scripts/run_srgc_sr_refresh.sh mbpp 8 replicate2-switch	-	pending_prefix_check	-	-	-	-	-	-
E03	mbpp	9	replicate2-sr	sh scripts/run_srgc_sr_refresh.sh mbpp 9 replicate2-sr	-	pending_prefix_check	-	-	-	-	-	-
E03	mbpp	9	replicate2-switch	sh scripts/run_srgc_sr_refresh.sh mbpp 9 replicate2-switch	-	pending_prefix_check	-	-	-	-	-	-
E09	math	5	direction_removed	sh scripts/run_srgc_sr_refresh.sh math 5 direction_removed	-	pending_prefix_check	-	-	-	-	-	-
E09	math	6	direction_removed	sh scripts/run_srgc_sr_refresh.sh math 6 direction_removed	-	pending_prefix_check	-	-	-	-	-	-
E09	math	7	direction_removed	sh scripts/run_srgc_sr_refresh.sh math 7 direction_removed	-	pending_prefix_check	-	-	-	-	-	-
E09	math	8	direction_removed	sh scripts/run_srgc_sr_refresh.sh math 8 direction_removed	-	pending_prefix_check	-	-	-	-	-	-
E09	math	9	direction_removed	sh scripts/run_srgc_sr_refresh.sh math 9 direction_removed	-	pending_prefix_check	-	-	-	-	-	-
E09	mbpp	5	direction_removed	sh scripts/run_srgc_sr_refresh.sh mbpp 5 direction_removed	-	pending_prefix_check	-	-	-	-	-	-
E09	mbpp	6	direction_removed	sh scripts/run_srgc_sr_refresh.sh mbpp 6 direction_removed	-	pending_prefix_check	-	-	-	-	-	-
E09	mbpp	7	direction_removed	sh scripts/run_srgc_sr_refresh.sh mbpp 7 direction_removed	-	pending_prefix_check	-	-	-	-	-	-
E09	mbpp	8	direction_removed	sh scripts/run_srgc_sr_refresh.sh mbpp 8 direction_removed	-	pending_prefix_check	-	-	-	-	-	-
E09	mbpp	9	direction_removed	sh scripts/run_srgc_sr_refresh.sh mbpp 9 direction_removed	-	pending_prefix_check	-	-	-	-	-	-
E09	math	5	direction_magnitude	sh scripts/run_srgc_sr_refresh.sh math 5 direction_magnitude	-	pending_prefix_check	-	-	-	-	-	-
E09	math	6	direction_magnitude	sh scripts/run_srgc_sr_refresh.sh math 6 direction_magnitude	-	pending_prefix_check	-	-	-	-	-	-
E09	math	7	direction_magnitude	sh scripts/run_srgc_sr_refresh.sh math 7 direction_magnitude	-	pending_prefix_check	-	-	-	-	-	-
E09	math	8	direction_magnitude	sh scripts/run_srgc_sr_refresh.sh math 8 direction_magnitude	-	pending_prefix_check	-	-	-	-	-	-
E09	math	9	direction_magnitude	sh scripts/run_srgc_sr_refresh.sh math 9 direction_magnitude	-	pending_prefix_check	-	-	-	-	-	-
E09	mbpp	5	direction_magnitude	sh scripts/run_srgc_sr_refresh.sh mbpp 5 direction_magnitude	-	pending_prefix_check	-	-	-	-	-	-
E09	mbpp	6	direction_magnitude	sh scripts/run_srgc_sr_refresh.sh mbpp 6 direction_magnitude	-	pending_prefix_check	-	-	-	-	-	-
E09	mbpp	7	direction_magnitude	sh scripts/run_srgc_sr_refresh.sh mbpp 7 direction_magnitude	-	pending_prefix_check	-	-	-	-	-	-
E09	mbpp	8	direction_magnitude	sh scripts/run_srgc_sr_refresh.sh mbpp 8 direction_magnitude	-	pending_prefix_check	-	-	-	-	-	-
E09	mbpp	9	direction_magnitude	sh scripts/run_srgc_sr_refresh.sh mbpp 9 direction_magnitude	-	pending_prefix_check	-	-	-	-	-	-
E09	math	5	direction_replaced	sh scripts/run_srgc_sr_refresh.sh math 5 direction_replaced	-	pending_prefix_check	-	-	-	-	-	-
E09	math	6	direction_replaced	sh scripts/run_srgc_sr_refresh.sh math 6 direction_replaced	-	pending_prefix_check	-	-	-	-	-	-
E09	math	7	direction_replaced	sh scripts/run_srgc_sr_refresh.sh math 7 direction_replaced	-	pending_prefix_check	-	-	-	-	-	-
E09	math	8	direction_replaced	sh scripts/run_srgc_sr_refresh.sh math 8 direction_replaced	-	pending_prefix_check	-	-	-	-	-	-
E09	math	9	direction_replaced	sh scripts/run_srgc_sr_refresh.sh math 9 direction_replaced	-	pending_prefix_check	-	-	-	-	-	-
E09	mbpp	5	direction_replaced	sh scripts/run_srgc_sr_refresh.sh mbpp 5 direction_replaced	-	pending_prefix_check	-	-	-	-	-	-
E09	mbpp	6	direction_replaced	sh scripts/run_srgc_sr_refresh.sh mbpp 6 direction_replaced	-	pending_prefix_check	-	-	-	-	-	-
E09	mbpp	7	direction_replaced	sh scripts/run_srgc_sr_refresh.sh mbpp 7 direction_replaced	-	pending_prefix_check	-	-	-	-	-	-
E09	mbpp	8	direction_replaced	sh scripts/run_srgc_sr_refresh.sh mbpp 8 direction_replaced	-	pending_prefix_check	-	-	-	-	-	-
E09	mbpp	9	direction_replaced	sh scripts/run_srgc_sr_refresh.sh mbpp 9 direction_replaced	-	pending_prefix_check	-	-	-	-	-	-
E10	math	5	sr_hold	sh scripts/run_srgc_sr_refresh.sh math 5 sr_hold	-	pending_prefix_check	-	-	-	-	-	-
E10	math	6	sr_hold	sh scripts/run_srgc_sr_refresh.sh math 6 sr_hold	-	pending_prefix_check	-	-	-	-	-	-
E10	math	7	sr_hold	sh scripts/run_srgc_sr_refresh.sh math 7 sr_hold	-	pending_prefix_check	-	-	-	-	-	-
E10	math	8	sr_hold	sh scripts/run_srgc_sr_refresh.sh math 8 sr_hold	-	pending_prefix_check	-	-	-	-	-	-
E10	math	9	sr_hold	sh scripts/run_srgc_sr_refresh.sh math 9 sr_hold	-	pending_prefix_check	-	-	-	-	-	-
E10	mbpp	5	sr_hold	sh scripts/run_srgc_sr_refresh.sh mbpp 5 sr_hold	-	pending_prefix_check	-	-	-	-	-	-
E10	mbpp	6	sr_hold	sh scripts/run_srgc_sr_refresh.sh mbpp 6 sr_hold	-	pending_prefix_check	-	-	-	-	-	-
E10	mbpp	7	sr_hold	sh scripts/run_srgc_sr_refresh.sh mbpp 7 sr_hold	-	pending_prefix_check	-	-	-	-	-	-
E10	mbpp	8	sr_hold	sh scripts/run_srgc_sr_refresh.sh mbpp 8 sr_hold	-	pending_prefix_check	-	-	-	-	-	-
E10	mbpp	9	sr_hold	sh scripts/run_srgc_sr_refresh.sh mbpp 9 sr_hold	-	pending_prefix_check	-	-	-	-	-	-
